Cód Cidades,Cidades,UF,Já é atendido pela Loggi?,Distância de Cajamar (km),População 2018,área em KM2,Tem malha aerea?,Latitude,Longitude,IDH,Taxa de Homicídio
3550308,São Paulo (SP),SP,sim, -   ,12105804,1523,sim,-23.550650700000000,-46.633382400000000,"0,805","14,9"
3304557,Rio de Janeiro (RJ),RJ,sim,444,6519400,1182,sim,-22.911013700000000,-43.209372700000000,"0,799","34,9"
5300108,Brasília (DF),DF,sim,1003,3039444,5802,sim,-15.793403600000000,-47.882317200000000,"0,824","26,5"
2927408,Salvador (BA),BA,sim,1973,2953716,707,sim,-12.982249900000000,-38.481277200000000,"0,759","61,7"
2304400,Fortaleza (CE),CE,sim,2928,2627745,313,sim,-3.730451200000000,-38.521798900000000,"0,754","55,0"
3106200,Belo Horizonte (MG),MG,sim,"591,21",2523469,331,sim,-19.922731800000000,-43.945094800000000,"0,81","31,9"
1302603,Manaus (AM),AM,sim,3900,2130330,11401,sim,-3.1316333,-59.9825041,"0,737","48,6"
4106902,Curitiba (PR),PR,sim,410,1908330,435,sim,-25.429596300000000,-49.271272400000000,"0,823","31,7"
2611606,Recife (PE),PE,sim,2655,1633588,217,sim,-8.064193100000000,-34.878151700000000,"0,772","53,1"
4314902,Porto Alegre (RS),RS,sim,1107,1484863,497,sim,-30.032499900000000,-51.230376700000000,"0,805","58,1"
5208707,Goiânia (GO),GO,sim,960,1465990,739,sim,-16.68088200000000,-49.253269100000000,"0,799","43,1"
1501402,Belém (PA),PA,nao,2859,1451439,1065,sim,-1.4505600000000,-48.468245300000000,"0,746","77,0"
3518800,Guarulhos (SP),SP,nao,"21,5",1349158,318,sim,-23.443060200000000,-46.52445900000000,"0,763","20,6"
3509502,Campinas (SP),SP,sim,"91,25",1182410,796,sim,-22.9055600000000,-47.0608300000000,"0,805","16,1"
2111300,São Luís (MA),MA,nao,2905,1091347,827,sim,-2.531922400000000,-44.293327600000000,"0,768","55,5"
3304904,São Gonçalo (RJ),RJ,nao,"461,94",1049793,249,nao,-22.821901400000000,-43.030925200000000,"0,739","43,9"
2704302,Maceió (AL),AL,nao,2423,1029166,511,sim,-9.647684300000000,-35.733926400000000,"0,721","55,6"
3301702,Duque de Caxias (RJ),RJ,nao,"426,28",890890,465,nao,-22.789622500000000,-43.30992900000000,"0,711","47,2"
2408102,Natal (RN),RN,nao,2947,885077,170,sim,-5.80539800000000,-35.208090500000000,"0,763","70,6"
5002704,Campo Grande (MS),MS,nao,"993,84",874184,8096,sim,-20.464017300000000,-54.616294700000000,"0,784","29,7"
2211001,Teresina (PI),PI,nao,2686,850083,1671,sim,-5.089640300000000,-42.80958800000000,"0,751","44,1"
3548708,São Bernardo do Campo (SP),SP,nao,"18,73",827379,406,nao,-23.690102100000000,-46.562962400000000,"0,805","16,7"
2507507,João Pessoa (PB),PB,nao,2773,811847,211,sim,-7.121598100000000,-34.88202800000000,"0,763","44,9"
3303500,Nova Iguaçu (RJ),RJ,nao,"405,05",787296,524,nao,-22.759217500000000,-43.450872800000000,"0,713","54,4"
3547809,Santo André (SP),SP,nao,"20,57",715112,175,nao,-23.657339500000000,-46.532250400000000,"0,815","24,6"
3549904,São José dos Campos (SP),SP,sim,"89,38",703284,1100,nao,-23.180501100000000,-45.887296900000000,"0,807","13,7"
3534401,Osasco (SP),SP,nao,"25,55",697743,65,nao,-23.532485900000000,-46.791680100000000,"0,776","20,7"
2607901,Jaboatão dos Guararapes (PE),PE,nao,2635,695978,256,nao,-8.175247600000000,-34.946871600000000,"0,717","64,7"
3543402,Ribeirão Preto (SP),SP,sim,"317,63",682408,650,sim,-21.17833300000000,-47.806667100000000,"0,8","20,6"
3170206,Uberlândia (MG),MG,nao,567,676815,4116,sim,-18.918804100000000,-48.276783700000000,"0,789","22,2"
3552205,Sorocaba (SP),SP,nao,"104,95",659961,449,nao,-23.50166700000000,-47.45805600000000,"0,798","17,0"
3118601,Contagem (MG),MG,nao,"570,59",658632,195,nao,-19.913274900000000,-44.084095300000000,"0,756","51,9"
2800308,Aracaju (SE),SE,nao,2168,650200,174,sim,-10.916206100000000,-37.077465500000000,"0,77","76,5"
2910800,Feira de Santana (BA),BA,nao,1857,627478,1363,sim,-12.257893400000000,-38.959804700000000,"0,712","85,1"
5103403,Cuiabá (MT),MT,nao,1527,589902,3538,sim,-15.598668600000000,-56.099130100000000,"0,785","40,8"
4209102,Joinville (SC),SC,nao,"522,4",577024,1126,sim,-26.304489800000000,-48.848672600000000,"0,809","24,8"
3136702,Juiz de Fora (MG),MG,nao,"514,21",563816,1437,sim,-21.760953300000000,-43.350112900000000,"0,778","36,3"
4113700,Londrina (PR),PR,nao,"537,38",558461,1651,sim,-23.311287800000000,-51.159502300000000,"0,778","24,6"
5201405,Aparecida de Goiânia (GO),GO,nao,"883,87",542258,288,nao,-16.822676900000000,-49.245254600000000,"0,718","61,6"
1100205,Porto Velho (RO),RO,nao,3013,519563,34082,sim,-8.749452500000000,-63.873543800000000,"0,736","44,6"
1500800,Ananindeua (PA),PA,nao,2842,515927,185,nao,-1.37403500000000,-48.401662300000000,"0,718","84,6"
3300456,Belford Roxo (RJ),RJ,nao,"412,35",507373,80,nao,-22.766728400000000,-43.403360300000000,"0,684","58,1"
3205002,Serra (ES),ES,nao,"981,96",502782,553,nao,-20.1252961,-40.3064477,"0,739","59,9"
3303302,Niterói (RJ),RJ,nao,"452,26",498941,129,nao,-22.883237100000000,-43.115455200000000,"0,837","38,0"
3301009,Campos dos Goytacazes (RJ),RJ,nao,"709,35",490294,4032,nao,-21.755861900000000,-41.332689500000000,"0,716","55,8"
3205200,Vila Velha (ES),ES,nao,"950,03",486457,209,nao,-20.329729300000000,-40.292028400000000,"0,8","38,8"
4205407,Florianópolis (SC),SC,nao,"696,24",485865,433,sim,-27.597300200000000,-48.549609800000000,"0,847","17,2"
4305108,Caxias do Sul (RS),RS,nao,"983,05",483555,1644,sim,-29.168479600000000,-51.179386100000000,"0,782","35,5"
1600303,Macapá (AP),AP,nao,3402,474699,6407,nao,0.046069900000000,-51.069323800000000,"0,733","56,7"
3529401,Mauá (SP),SP,nao,"26,42",462029,62,nao,-23.6676700000000,-46.46126300000000,"0,766","18,8"
3305109,São João de Meriti (RJ),RJ,nao,"417,19",460336,35,nao,-22.804374400000000,-43.372412500000000,"0,719","56,0"
3549805,São José do Rio Preto (SP),SP,nao,"441,9",450671,431,sim,-20.812585100000000,-49.380421200000000,"0,797","13,7"
3548500,Santos (SP),SP,sim,"73,06",434640,280,nao,-23.96083300000000,-46.33388900000000,"0,84","11,5"
3530607,Mogi das Cruzes (SP),SP,nao,"64,59",433948,714,nao,-23.523428400000000,-46.192667100000000,"0,783","12,8"
3106705,Betim (MG),MG,nao,"555,07",427306,346,nao,-19.96805600000000,-44.19833300000000,"0,749","60,8"
3513801,Diadema (SP),SP,nao,"20,04",417842,31,nao,-23.68134700000000,-46.6205200000000,"0,757","18,8"
2504009,Campina Grande (PB),PB,nao,2673,410310,621,sim,-7.224674300000000,-35.877129200000000,"0,72","36,8"
3525904,Jundiaí (SP),SP,nao,"58,83",409515,432,nao,-23.188225800000000,-46.883809700000000,"0,822","8,9"
4115200,Maringá (PR),PR,nao,"650,08",408678,488,sim,-23.42526900000000,-51.938207800000000,"0,808","12,2"
3143302,Montes Claros (MG),MG,nao,"985,57",402118,3582,nao,-16.727353800000000,-43.871767600000000,"0,77","27,1"
3538709,Piracicaba (SP),SP,nao,185,397309,1370,nao,-22.7252800000000,-47.6491700000000,"0,785","12,4"
3510609,Carapicuíba (SP),SP,nao,"29,84",396545,35,nao,-23.523467300000000,-46.840680800000000,"0,749","13,2"
2609600,Olinda (PE),PE,nao,2657,390690,44,nao,-7.998640100000000,-34.845955200000000,"0,735","60,7"
3201308,Cariacica (ES),ES,nao,"954,25",387294,280,nao,-20.26320200000000,-40.41654900000000,"0,718","48,1"
1200401,Rio Branco (AC),AC,nao,3526,383452,9223,nao,-9.976536200000000,-67.822077800000000,"0,727","62,6"
5201108,Anápolis (GO),GO,nao,1012,375103,918,nao,-16.333282800000000,-48.952575600000000,"0,737","59,6"
3506003,Bauru (SP),SP,nao,"331,91",371663,673,sim,-22.321810200000000,-49.070586300000000,"0,801","8,7"
3205309,Vitória (ES),ES,nao,"956,82",363117,93,sim,-20.3200917,-40.3376682,"0,845","23,1"
2303709,Caucaia (CE),CE,nao,3116,362360,1228,nao,-3.730056300000000,-38.659308200000000,"0,682","61,1"
3523107,Itaquaquecetuba (SP),SP,nao,"42,24",360698,82,nao,-23.475449200000000,-46.351403300000000,"0,714","22,1"
3551009,São Vicente (SP),SP,nao,"70,44",360360,148,nao,-23.960368600000000,-46.384702400000000,"0,768","22,6"
2604106,Caruaru (PE),PE,nao,2531,356249,921,nao,-8.282970200000000,-35.972285200000000,"0,677","68,2"
2933307,Vitória da Conquista (BA),BA,nao,1456,348757,3204,nao,-14.856748700000000,-40.841480400000000,"0,678","68,5"
4202404,Blumenau (SC),SC,nao,"603,57",348494,520,nao,-26.919556700000000,-49.065802500000000,"0,806","11,9"
3516200,Franca (SP),SP,nao,"399,02",347226,607,nao,-20.538176800000000,-47.400979500000000,"0,78","10,4"
4314407,Pelotas (RS),RS,nao,1385,344357,1609,nao,-31.769973600000000,-52.341016100000000,"0,739","26,8"
4119905,Ponta Grossa (PR),PR,nao,"515,1",344350,2068,sim,-25.089168500000000,-50.160181200000000,"0,763","25,2"
4304606,Canoas (RS),RS,nao,1132,343856,131,nao,-29.921604500000000,-51.179952500000000,"0,75","47,9"
2611101,Petrolina (PE),PE,nao,2178,343422,4559,sim,-9.381733400000000,-40.496887500000000,"0,697","40,9"
1400100,Boa Vista (RR),RR,nao,4650,332025,5687,nao,2.820847800000000,-60.671958200000000,"0,752","40,4"
3154606,Ribeirão das Neves (MG),MG,nao,"593,01",328944,154,nao,-19.767289800000000,-44.087543600000000,"0,684","53,1"
2610707,Paulista (PE),PE,nao,2674,328387,94,nao,-7.934006900000000,-34.86840700000000,"0,732","50,4"
3170107,Uberaba (MG),MG,nao,"485,11",328343,4512,nao,-19.75083300000000,-47.93666600000000,"0,772","22,4"
4104808,Cascavel (PR),PR,nao,"923,24",319641,2100,sim,-24.955499600000000,-53.456054400000000,"0,782","29,1"
3518701,Guarujá (SP),SP,nao,"96,05",315546,143,nao,-23.992776800000000,-46.255833200000000,"0,751","16,9"
3541000,Praia Grande (SP),SP,nao,"75,83",310168,149,nao,-24.00583300000000,-46.40277800000000,"0,754","18,7"
3554102,Taubaté (SP),SP,nao,"143,23",307964,626,nao,-23.03144800000000,-45.561279200000000,"0,8","26,5"
4125506,São José dos Pinhais (PR),PR,nao,"417,3",307634,946,nao,-25.53381600000000,-49.207216300000000,"0,758","50,9"
3526902,Limeira (SP),SP,nao,"148,02",300901,581,nao,-22.561506800000000,-47.40176600000000,"0,775","7,4"
3303906,Petrópolis (RJ),RJ,nao,"460,3",298095,775,nao,-22.51996300000000,-43.19261300000000,"0,745","10,7"
2905701,Camaçari (BA),BA,nao,1955,297173,760,nao,-12.699818800000000,-38.326076200000000,"0,694","91,8"
1506807,Santarém (PA),PA,nao,3377,296159,17877,nao,-2.43848900000000,-54.69961100000000,"0,691","28,5"
2408003,Mossoró (RN),RN,nao,2779,295641,2110,nao,-5.190433200000000,-37.344387200000000,"0,72","74,7"
3552502,Suzano (SP),SP,nao,"51,01",290784,206,nao,-23.542784200000000,-46.310839100000000,"0,765","14,6"
1721000,Palmas (TO),TO,nao,1722,287017,2219,sim,-10.183560400000000,-48.333779300000000,"0,788","37,2"
3127701,Governador Valadares (MG),MG,nao,"929,02",280870,2348,nao,-18.853949700000000,-41.945875300000000,"0,727","48,6"
3552809,Taboão da Serra (SP),SP,nao,"22,9",279699,20,nao,-23.612191200000000,-46.779053900000000,"0,769","27,2"
4316907,Santa Maria (RS),RS,nao,1266,278455,1780,nao,-29.686051200000000,-53.806921400000000,"0,784","25,6"
4309209,Gravataí (RS),RS,nao,1123,275176,464,nao,-29.944022200000000,-50.993093800000000,"0,736","42,0"
5108402,Várzea Grande (MT),MT,nao,1531,273934,938,nao,-15.64581600000000,-56.13221800000000,"0,734","52,0"
3552403,Sumaré (SP),SP,nao,"119,8",273066,153,nao,-22.821796400000000,-47.26710500000000,"0,762","20,0"
1504208,Marabá (PA),PA,nao,2463,271660,15092,nao,-5.346282100000000,-49.100740100000000,"0,668","87,7"
2307304,Juazeiro do Norte (CE),CE,nao,2470,270428,249,sim,-7.215345300000000,-39.315333600000000,"0,694","87,7"
3505708,Barueri (SP),SP,nao,"33,95",267553,64,nao,-23.511218400000000,-46.876461200000000,"0,786","20,0"
3515004,Embu das Artes (SP),SP,nao,"33,43",267073,70,nao,-23.649529400000000,-46.852849700000000,"0,735","25,3"
3306305,Volta Redonda (RJ),RJ,nao,"340,87",264280,182,nao,-22.522549700000000,-44.104012800000000,"0,771","26,2"
4108304,Foz do Iguaçu (PR),PR,nao,1060,263989,618,sim,-25.540147900000000,-54.585813900000000,"0,751","46,2"
3131307,Ipatinga (MG),MG,nao,"842,15",261223,166,nao,-19.477780700000000,-42.527080200000000,"0,771","26,6"
2403251,Parnamirim (RN),RN,nao,2929,254919,120,nao,-5.915333400000000,-35.267991300000000,"0,766","68,0"
2105302,Imperatriz (MA),MA,nao,2287,254461,1368,sim,-5.526927900000000,-47.47811500000000,"0,731","71,7"
4323002,Viamão (RS),RS,nao,1133,253715,1494,nao,-30.081933800000000,-51.026192700000000,"0,717","77,1"
4313409,Novo Hamburgo (RS),RS,nao,1136,249479,224,nao,-29.690570500000000,-51.142903500000000,"0,747","25,7"
3548906,São Carlos (SP),SP,nao,"240,03",246101,1141,nao,-22.018336700000000,-47.89093200000000,"0,805","23,0"
3302403,Macaé (RJ),RJ,nao,"610,96",244350,1216,nao,-22.371295800000000,-41.786692200000000,"0,764","48,0"
3520509,Indaiatuba (SP),SP,nao,"105,35",239720,311,nao,-23.0902800000000,-47.2180600000000,"0,788","7,2"
4216602,São José (SC),SC,nao,"692,05",239719,113,nao,-27.616233500000000,-48.627013600000000,"0,809","18,2"
3513009,Cotia (SP),SP,nao,"36,23",237857,324,nao,-23.60388900000000,-46.91888900000000,"0,78","15,8"
3302502,Magé (RJ),RJ,nao,"454,3",237776,386,nao,-22.660422100000000,-43.042616200000000,"0,709","57,1"
4105805,Colombo (PR),PR,nao,"408,41",237424,198,nao,-25.292543900000000,-49.224347200000000,"0,733","54,5"
3167202,Sete Lagoas (MG),MG,nao,"636,01",236268,537,nao,-19.46611100000000,-44.24694400000000,"0,76","40,1"
3529005,Marília (SP),SP,nao,"437,09",235223,1170,sim,-22.21710800000000,-49.9500600000000,"0,798","15,0"
3122306,Divinópolis (MG),MG,nao,"519,15",234975,709,nao,-20.143455900000000,-44.8912500000000,"0,764","28,3"
2700300,Arapiraca (AL),AL,nao,2328,234177,351,nao,-9.75486600000000,-36.66147100000000,"0,649","65,8"
3501608,Americana (SP),SP,nao,126,233882,134,nao,-22.739246300000000,-47.330603200000000,"0,811","10,8"
3301900,Itaboraí (RJ),RJ,nao,"483,03",232518,424,nao,-22.749623100000000,-42.855742800000000,"0,693","51,1"
4318705,São Leopoldo (RS),RS,nao,1150,230944,102,nao,-29.754440500000000,-51.151649700000000,"0,739","37,4"
3503208,Araraquara (SP),SP,nao,"278,25",230781,1006,nao,-21.788671300000000,-48.177309600000000,"0,815","11,4"
3524402,Jacareí (SP),SP,nao,"82,07",229842,460,nao,-23.3052800000000,-45.9658300000000,"0,777","21,9"
3522505,Itapevi (SP),SP,nao,"42,63",229555,91,nao,-23.5488800000000,-46.93388900000000,"0,735","16,8"
3541406,Presidente Prudente (SP),SP,nao,"557,45",225259,562,sim,-22.127633500000000,-51.416249901982700000000,"0,806","22,3"
2307650,Maracanaú (CE),CE,nao,2930,224831,106,nao,-3.877943800000000,-38.624769700000000,"0,686","95,0"
5107602,Rondonópolis (MT),MT,nao,1315,222393,4165,nao,-16.460353300000000,-54.639709900000000,"0,755","50,7"
3519071,Hortolândia (SP),SP,nao,"112,8",222249,62,nao,-22.8583300000000,-47.2200000000,"0,756","14,6"
2918407,Juazeiro (BA),BA,nao,2173,222088,6390,nao,-9.433695900000000,-40.506820100000000,"0,677","48,1"
2914802,Itabuna (BA),BA,nao,1660,220984,443,nao,-14.786987900000000,-39.278877800000000,"0,712","69,9"
3157807,Santa Luzia (MG),MG,nao,"600,49",218894,234,nao,-19.906439300000000,-44.093196600000000,"0,715","34,5"
5003702,Dourados (MS),MS,nao,1007,218063,4086,sim,-22.220614500000000,-54.81220800000000,"0,747","31,6"
5218805,Rio Verde (GO),GO,nao,"899,45",217175,8388,sim,-17.792125500000000,-50.919121900000000,"0,754","38,6"
3300704,Cabo Frio (RJ),RJ,nao,"593,46",216141,401,sim,-22.880436900000000,-42.018922700000000,"0,735","53,7"
4204202,Chapecó (SC),SC,nao,"884,27",213300,624,sim,-27.101180400000000,-52.618898700000000,"0,79","24,3"
4208203,Itajaí (SC),SC,nao,"605,81",212632,289,nao,-26.911787900000000,-48.666985200000000,"0,795","24,4"
3201209,Cachoeiro de Itapemirim (ES),ES,nao,"832,15",211869,877,nao,-20.84808400000000,-41.1112900000000,"0,746","30,4"
4204608,Criciúma (SC),SC,nao,"879,47",211334,236,nao,-28.678994100000000,-49.369562700000000,"0,788","18,2"
4315602,Rio Grande (RS),RS,nao,1358,209380,2814,nao,-32.033425200000000,-52.099129700000000,"0,744","21,6"
4300604,Alvorada (RS),RS,nao,1126,208181,71,nao,-29.998118400000000,-51.077250900000000,"0,699","71,8"
2312908,Sobral (CE),CE,nao,3037,205577,2123,nao,-3.687913500000000,-40.345637200000000,"0,714","33,9"
2602902,Cabo de Santo Agostinho (PE),PE,nao,2614,204693,448,nao,-8.283894500000000,-35.032098400000000,"0,686","81,4"
3543907,Rio Claro (SP),SP,nao,"177,76",202944,498,nao,-22.410010800000000,-47.560393300000000,"0,803","19,4"
1505536,Parauapebas (PA),PA,nao,2396,202653,7008,nao,-6.069684600000000,-49.890328300000000,"0,715","65,7"
5212501,Luziânia (GO),GO,nao,"991,5",199619,3962,nao,-16.253545600000000,-47.950027600000000,"0,701","84,8"
4314100,Passo Fundo (RS),RS,nao,"992,26",198820,780,sim,-28.261613800000000,-52.408904800000000,"0,776","30,8"
2919207,Lauro de Freitas (BA),BA,nao,1973,197801,60,nao,-12.8924200000000,-38.312769100000000,"0,754","99,2"
5200258,Águas Lindas de Goiás (GO),GO,nao,1071,195922,191,nao,-15.739228300000000,-48.279335700000000,"0,686","47,0"
1502400,Castanhal (PA),PA,nao,2808,195249,1029,nao,-1.292703100000000,-47.922390300000000,"0,673","78,4"
3502804,Araçatuba (SP),SP,nao,"524,26",194854,1167,sim,-21.20799200000000,-50.439022500000000,"0,788","25,3"
3300100,Angra dos Reis (RJ),RJ,nao,"405,8",194736,800,nao,-23.006396600000000,-44.31632600000000,"0,724","49,1"
3545803,Santa Bárbara d'Oeste (SP),SP,nao, sem info,191863,271,nao,-22.755251100000000,-47.414495800000000,"0,781","12,0"
3515707,Ferraz de Vasconcelos (SP),SP,nao,"51,03",188891,30,nao,-23.54105600000000,-46.3709700000000,"0,738","16,1"
3303401,Nova Friburgo (RJ),RJ,nao,"547,15",185370,933,nao,-22.280000400000000,-42.532530300000000,"0,745","19,4"
2804805,Nossa Senhora do Socorro (SE),SE,nao,2166,181946,158,nao,-10.855311500000000,-37.126486300000000,"0,664","86,3"
4109401,Guarapuava (PR),PR,nao,"673,03",180353,3115,nao,-25.395098600000000,-51.462201600000000,"0,731","29,0"
3300407,Barra Mansa (RJ),RJ,nao,"312,29",180290,547,nao,-22.539484300000000,-44.173512900000000,"0,729","20,0"
2111201,São José de Ribamar (MA),MA,nao,2914,177651,386,nao,-2.560911500000000,-44.055950900000000,"0,708","75,6"
3129806,Ibirité (MG),MG,nao,"571,93",177524,73,nao,-20.021425100000000,-44.062150600000000,"0,704","41,0"
2913606,Ilhéus (BA),BA,nao,1691,176141,1841,sim,-14.79304500000000,-39.0460200000000,"0,69","56,1"
3305802,Teresópolis (RJ),RJ,nao,"488,37",176081,771,nao,-22.416457800000000,-42.97519400000000,"0,73","13,2"
1702109,Araguaína (TO),TO,nao,2042,175996,4000,nao,-7.19324100000000,-48.201859700000000,"0,752","70,5"
3516309,Francisco Morato (SP),SP,nao,"49,81",171614,49,nao,-23.281730800000000,-46.744899600000000,"0,703","15,9"
3302858,Mesquita (RJ),RJ,nao,"411,2",171244,35,nao,-22.78309200000000,-43.429359900000000,"0,737","54,4"
3522208,Itapecerica da Serra (SP),SP,nao,"42,39",170947,151,nao,-23.717630300000000,-46.849243500000000,"0,742","34,3"
4208906,Jaraguá do Sul (SC),SC,nao,"554,52",170879,533,nao,-26.489743200000000,-49.077806300000000,"0,803","5,4"
3523909,Itu (SP),SP,nao,"101,24",170161,640,nao,-23.263882800000000,-47.29889200000000,"0,773","11,9"
3203205,Linhares (ES),ES,nao,1089,169296,3502,nao,-19.381694400000000,-40.061221300000000,"0,724","36,6"
2112209,Timon (MA),MA,nao,2689,167625,1741,nao,-5.102332500000000,-42.844951800000000,"0,649","49,9"
3151800,Poços de Caldas (MG),MG,nao,"273,56",166096,544,nao,-21.79083300000000,-46.56555600000000,"0,779","23,6"
4211900,Palhoça (SC),SC,nao,"697,93",164976,395,nao,-27.645889100000000,-48.66928600000000,"0,757","13,0"
3507605,Bragança Paulista (SP),SP,nao,"87,41",164182,514,nao,-22.952023500000000,-46.541858600000000,"0,776","9,2"
3538006,Pindamonhangaba (SP),SP,nao,"157,62",164016,730,nao,-22.934016500000000,-45.46293800000000,"0,773","24,6"
2103000,Caxias (MA),MA,nao,2708,162614,5224,nao,-4.865420100000000,-43.35366400000000,"0,624","31,5"
2918001,Jequié (BA),BA,nao,1610,162152,3035,nao,-13.860403300000000,-40.071962700000000,"0,665","75,4"
2931350,Teixeira de Freitas (BA),BA,nao,1324,161767,1154,nao,-17.537664400000000,-39.745809600000000,"0,685","83,8"
3522307,Itapetininga (SP),SP,nao,"173,05",160080,1792,nao,-23.58860700000000,-48.04832600000000,"0,763","17,0"
3548807,São Caetano do Sul (SP),SP,nao,"13,45",159589,15,nao,-23.619592300000000,-46.568832300000000,"0,862","9,4"
5221858,Valparaíso de Goiás (GO),GO,nao,1005,159559,60,nao,-16.068639400000000,-47.976490700000000,"0,746","45,4"
4209300,Lages (SC),SC,nao,"770,05",158449,2644,sim,-27.816566400000000,-50.32588300000000,"0,77","14,5"
3303203,Nilópolis (RJ),RJ,nao,"414,01",158287,19,nao,-22.808011400000000,-43.413822200000000,"0,753","73,3"
2903201,Barreiras (BA),BA,nao,1616,157058,7895,nao,-12.144003100000000,-44.996740600000000,"0,721","64,9"
2603454,Camaragibe (PE),PE,nao,2659,156369,55,nao,-8.021383200000000,-34.981076800000000,"0,692","62,5"
2900702,Alagoinhas (BA),BA,nao,1936,156156,734,nao,-12.13352600000000,-38.42077200000000,"0,683","81,1"
1500107,Abaetetuba (PA),PA,nao,2759,153334,1611,nao,-1.72182800000000,-48.87884300000000,"0,628","46,1"
3302700,Maricá (RJ),RJ,nao,"490,75",153238,362,nao,-22.919677200000000,-42.818437500000000,"0,765","36,7"
4118204,Paranaguá (PR),PR,nao,"474,83",152973,827,nao,-25.512190400000000,-48.525185400000000,"0,75","40,2"
3148004,Patos de Minas (MG),MG,nao,"725,29",150903,3189,nao,-18.604145300000000,-46.509669800000000,"0,765","14,7"
2207702,Parnaíba (PI),PI,nao,3011,150504,436,sim,-2.914751500000000,-41.766195300000000,"0,687","24,0"
3516408,Franco da Rocha (SP),SP,nao,"44,03",149531,134,nao,-23.332803800000000,-46.72444600000000,"0,731","19,0"
2925303,Porto Seguro (BA),BA,nao,1585,149410,2409,sim,-16.44347300000000,-39.06425100000000,"0,676","101,7"
3530706,Mogi Guaçu (SP),SP,nao,"197,51",149390,813,nao,-22.37222200000000,-46.942500000000,"0,774","8,8"
3152501,Pouso Alegre (MG),MG,nao,"202,69",147190,544,nao,-22.234385800000000,-45.932724100000000,"0,774","31,6"
3525300,Jaú (SP),SP,nao,"303,04",146352,688,nao,-22.29358500000000,-48.55919300000000,"0,778","6,9"
3304144,Queimados (RJ),RJ,nao,"398,09",145385,77,nao,-22.715697800000000,-43.55575400000000,"0,68","134,9"
3507506,Botucatu (SP),SP,nao,"238,61",142561,1483,nao,-22.887962800000000,-48.441071200000000,"0,8","7,1"
3168606,Teófilo Otoni (MG),MG,nao,1061,141908,3243,nao,-17.857926700000000,-41.508153300000000,"0,701","29,0"
3304524,Rio das Ostras (RJ),RJ,nao,"603,05",141403,231,nao,-22.526944800000000,-41.94497200000000,"0,773","62,2"
3504107,Atibaia (SP),SP,nao,"66,31",139686,478,nao,-23.117739300000000,-46.554786100000000,"0,765","5,1"
4320008,Sapucaia do Sul (RS),RS,nao,1129,139481,59,nao,-29.819701900000000,-51.160872200000000,"0,726","50,4"
2606002,Garanhuns (PE),PE,nao,2432,138639,472,nao,-8.890588900000000,-36.493089600000000,"0,664","39,9"
2616407,Vitória de Santo Antão (PE),PE,nao,2616,137576,372,nao,-8.120901900000000,-35.294485800000000,"0,64","64,4"
4101804,Araucária (PR),PR,nao,"437,42",137490,469,nao,-25.586110700000000,-49.405120900000000,"0,74","43,6"
2513703,Santa Rita (PB),PB,nao,2788,136849,727,nao,-7.12846500000000,-34.984618600000000,"0,627","75,0"
3105608,Barbacena (MG),MG,nao,"527,64",136690,788,nao,-21.225452400000000,-43.773508700000000,"0,769","12,5"
2930709,Simões Filho (BA),BA,nao,1946,136094,192,nao,-12.786783900000000,-38.403036500000000,"0,675","107,7"
3156700,Sabará (MG),MG,nao,"599,81",135965,304,nao,-19.890037200000000,-43.810791600000000,"0,731","51,8"
5107909,Sinop (MT),MT,nao,2003,135934,3194,nao,-11.850822400000000,-55.517595700000000,"0,754","39,9"
4127700,Toledo (PR),PR,nao,"926,02",135564,1197,nao,-24.722243800000000,-53.740247600000000,"0,768","18,7"
4202008,Balneário Camboriú (SC),SC,nao,"616,17",135348,46,nao,-26.992439500000000,-48.633978200000000,"0,845","8,4"
3170701,Varginha (MG),MG,nao,"317,49",134374,396,nao,-21.556591400000000,-45.434067400000000,"0,778","6,7"
1502103,Cametá (PA),PA,nao,2778,134080,3081,nao,-2.24294900000000,-49.49788500000000,"0,577","20,4"
4101408,Apucarana (PR),PR,nao,"606,01",132693,558,nao,-23.552532700000000,-51.461076400000000,"0,748","19,8"
1100122,Ji-Paraná (RO),RO,nao,2638,132642,6897,nao,-10.877814800000000,-61.927785400000000,"0,714","38,0"
3547304,Santana de Parnaíba (SP),SP,nao,"43,13",131971,184,nao,-23.44388900000000,-46.91777800000000,"0,814","7,7"
3503307,Araras (SP),SP,nao,"171,89",131286,643,nao,-22.356947700000000,-47.383888900000000,"0,781","11,5"
2304202,Crato (CE),CE,nao,2480,130620,1009,nao,-7.236911200000000,-39.414923600000000,"0,713","40,9"
4322400,Uruguaiana (RS),RS,nao,1545,129760,5716,nao,-29.765512300000000,-57.082946600000000,"0,744","19,3"
4119152,Pinhais (PR),PR,nao,"407,4",129450,61,nao,-25.442948900000000,-49.1926700000000,"0,751","34,3"
4202909,Brusque (SC),SC,nao,"634,47",128872,283,nao,-27.096462800000000,-48.913632300000000,"0,795","4,8"
3513504,Cubatão (SP),SP,nao,"64,98",128741,142,nao,-23.885798200000000,-46.424186900000000,"0,737","18,8"
3204906,São Mateus (ES),ES,nao,1144,128272,2343,nao,-18.715766300000000,-39.849221100000000,"0,735","56,9"
1504422,Marituba (PA),PA,nao,2843,127907,103,nao,-1.359530600000000,-48.336150400000000,"0,676","84,5"
2306405,Itapipoca (CE),CE,nao,3133,127501,1615,nao,-3.49932900000000,-39.58357100000000,"0,64","15,8"
4316808,Santa Cruz do Sul (RS),RS,nao,1272,127442,733,nao,-29.714179900000000,-52.428453300000000,"0,773","36,3"
3118304,Conselheiro Lafaiete (MG),MG,nao,"591,47",127380,370,nao,-20.659610700000000,-43.78574300000000,"0,761","19,8"
4303103,Cachoeirinha (RS),RS,nao,1119,127333,44,nao,-29.949335300000000,-51.089892700000000,"0,745","39,5"
4104204,Campo Largo (PR),PR,nao,"458,55",127333,1249,nao,-25.459772600000000,-49.527085100000000,"0,757","36,3"
3300209,Araruama (RJ),RJ,nao,"550,88",127017,634,nao,-22.873320300000000,-42.342889700000000,"0,718","64,0"
3304201,Resende (RJ),RJ,nao,"282,04",126927,1114,nao,-22.468362600000000,-44.446349400000000,"0,768","32,5"
2307700,Maranguape (CE),CE,nao,2930,126534,591,nao,-3.892296700000000,-38.683542700000000,"0,659","52,0"
3201506,Colatina (ES),ES,nao,"992,34",124504,1423,nao,-19.547860100000000,-40.626370100000000,"0,746","28,3"
1501709,Bragança (PA),PA,nao,2868,124154,2090,nao,-1.057396700000000,-46.763540600000000,"0,6","33,4"
3556206,Valinhos (SP),SP,nao,"96,83",124066,149,nao,-22.9705600000000,-46.9958300000000,"0,819","7,4"
3202405,Guarapari (ES),ES,nao,"909,94",123181,592,nao,-20.671875500000000,-40.498461700000000,"0,731","40,3"
3551702,Sertãozinho (SP),SP,nao,"339,08",122653,403,nao,-21.137578200000000,-47.991374100000000,"0,761","8,2"
3302007,Itaguaí (RJ),RJ,nao,"408,21",122559,272,nao,-22.862959700000000,-43.77532200000000,"0,715","73,6"
3171204,Vespasiano (MG),MG,nao,"613,37",122450,70,nao,-19.694095800000000,-43.918652100000000,"0,688","44,0"
4301602,Bagé (RS),RS,nao,1501,122197,4096,nao,-31.328714300000000,-54.107063400000000,"0,74","13,9"
2107506,Paço do Lumiar (MA),MA,nao,2911,121909,132,nao,-2.521057600000000,-44.106303100000000,"0,724","51,7"
3543303,Ribeirão Pires (SP),SP,nao,"49,66",121837,99,nao,-23.711075400000000,-46.41440600000000,"0,784","20,6"
3525003,Jandira (SP),SP,nao,"41,8",121506,18,nao,-23.528204400000000,-46.901955400000000,"0,76","10,8"
5221403,Trindade (GO),GO,nao,"924,24",121280,713,nao,-16.654992400000000,-49.487620300000000,"0,699","55,3"
2103307,Codó (MA),MA,nao,2686,120754,4364,nao,-4.45562300000000,-43.89235400000000,"0,595","34,8"
3506508,Birigui (SP),SP,nao,"508,02",120701,531,nao,-21.290849100000000,-50.3414400000000,"0,78","9,2"
3511102,Catanduva (SP),SP,nao,"389,12",120676,292,nao,-21.133103500000000,-48.971281700000000,"0,785","7,5"
3505500,Barretos (SP),SP,nao,"428,24",120626,1564,nao,-20.553143700000000,-48.569750900000000,"0,789","14,2"
2924009,Paulo Afonso (BA),BA,nao,2241,120590,1574,nao,-9.399100600000000,-38.22671100000000,"0,674","61,7"
3518404,Guaratinguetá (SP),SP,nao,"187,54",120406,751,nao,-22.805783900000000,-45.190892600000000,"0,798","28,4"
3557006,Votorantim (SP),SP,nao,"106,04",119901,184,nao,-23.546666700000000,-47.437777800000000,"0,767","21,0"
3131703,Itabira (MG),MG,nao,"706,94",119290,1256,nao,-19.618626400000000,-43.226701100000000,"0,756","21,9"
3554003,Tatuí (SP),SP,nao,"145,78",118944,524,nao,-23.351473300000000,-47.855243800000000,"0,752","5,9"
3556503,Várzea Paulista (SP),SP,nao,"60,49",118924,35,nao,-23.211388900000000,-46.828333300000000,"0,759","15,3"
4101507,Arapongas (PR),PR,nao,"588,21",118502,381,nao,-23.41529600000000,-51.4259200000000,"0,748","21,4"
5008305,Três Lagoas (MS),MS,nao,"668,59",117498,10206,sim,-20.786679900000000,-51.706124700000000,"0,744","27,7"
3103504,Araguari (MG),MG,nao,"657,14",117435,2731,nao,-18.651125600000000,-48.193376400000000,"0,773","21,4"
3510500,Caraguatatuba (SP),SP,nao,"172,82",116822,484,nao,-23.6202800000000,-45.4130600000000,"0,759","36,5"
3523404,Itatiba (SP),SP,nao,"85,76",116533,323,nao,-22.996586100000000,-46.841204200000000,"0,778","10,4"
3545209,Salto (SP),SP,nao,"104,49",116194,134,nao,-23.198998300000000,-47.291368200000000,"0,78","5,9"
5208004,Formosa (GO),GO,nao,1085,115800,5807,nao,-15.549244300000000,-47.330121200000000,"0,744","64,9"
3539806,Poá (SP),SP,nao,"49,66",115484,17,nao,-23.524908200000000,-46.344566300000000,"0,771","23,5"
2606804,Igarassu (PE),PE,nao,2683,115438,306,nao,-7.835442300000000,-34.906112500000000,"0,692","64,9"
1600600,Santana (AP),AP,nao, sem info,115438,1578,nao,-0.05542600000000,-51.176767200000000,"0,665","52,7"
4100400,Almirante Tamandaré (PR),PR,nao,"416,77",115376,195,nao,-25.313304800000000,-49.299783800000000,"0,699","88,5"
2910727,Eunápolis (BA),BA,nao,1522,115312,1197,nao,-16.372241200000000,-39.57570400000000,"0,677","124,3"
4302105,Bento Gonçalves (RS),RS,nao,1025,115102,277,nao,-29.165502100000000,-51.519757300000000,"0,778","29,8"
3147907,Passos (MG),MG,nao,"390,29",114454,1339,nao,-20.71916200000000,-46.609450700000000,"0,756","10,5"
1303403,Parintins (AM),AM,nao,3556,113794,5952,nao,-2.634456700000000,-56.731932400000000,"0,658","26,6"
3169901,Ubá (MG),MG,nao,"587,48",113331,408,nao,-21.1200000000,-42.94277700000000,"0,724","31,2"
2613701,São Lourenço da Mata (PE),PE,nao,2660,112108,264,nao,-7.995960700000000,-35.03933500000000,"0,653","62,1"
3534708,Ourinhos (SP),SP,nao,"376,38",111806,296,nao,-22.977791800000000,-49.86820400000000,"0,778","9,9"
2100055,Açailândia (MA),MA,nao,2354,111336,5806,nao,-4.951021600000000,-47.495786100000000,"0,672","46,1"
3119401,Coronel Fabriciano (MG),MG,nao,"856,2",110313,221,nao,-19.520006700000000,-42.628268600000000,"0,755","50,1"
5215231,Novo Gama (GO),GO,nao,1014,110110,192,nao,-16.050441600000000,-48.031196400000000,"0,684","60,0"
4128104,Umuarama (PR),PR,nao,"812,9",110029,1233,nao,-23.761705700000000,-53.307989500000000,"0,761","14,7"
5003207,Corumbá (MS),MS,nao,1432,109900,64961,sim,-19.001636500000000,-57.653431600000000,"0,7","22,9"
3143906,Muriaé (MG),MG,nao,"632,46",108533,843,nao,-21.13055600000000,-42.36638900000000,"0,734","23,2"
2510808,Patos (PB),PB,nao,2636,107788,513,nao,-7.025828500000000,-37.276681700000000,"0,701","25,2"
4119509,Piraquara (PR),PR,nao,"399,76",107785,228,nao,-25.442809500000000,-49.059791700000000,"0,7","53,7"
5220454,Senador Canedo (GO),GO,nao,"916,73",105535,245,nao,-16.701323300000000,-49.091492100000000,"0,701","69,0"
4103701,Cambé (PR),PR,nao,"560,84",105344,495,nao,-23.278285700000000,-51.279982900000000,"0,734","15,3"
2101202,Bacabal (MA),MA,nao,2654,103318,1683,nao,-4.231813200000000,-44.78116700000000,"0,651","47,6"
3536505,Paulínia (SP),SP,nao,"125,78",102588,139,nao,-22.763039100000000,-47.153221300000000,"0,795","25,0"
3302270,Japeri (RJ),RJ,nao,"389,53",101239,83,nao,-22.642764200000000,-43.653383100000000,"0,659","95,5"
3526704,Leme (SP),SP,nao,"189,6",101186,403,nao,-22.18583300000000,-47.3900000000,"0,744","13,0"
2412005,São Gonçalo do Amarante (RN),RN,nao,2954,101169,251,nao,-5.793233100000000,-35.328631200000000,"0,661","106,3"
1301902,Itacoatiara (AM),AM,nao,4179,99838,8892,nao,-3.14292800000000,-58.443873200000000,"0,644","38,67"
2600054,Abreu e Lima (PE),PE,nao,2672,99353,126,nao,-7.90071900000000,-34.89838900000000,"0,679","38,67"
4309308,Guaíba (RS),RS,nao,1157,99322,377,nao,-30.113073100000000,-51.32944200000000,"0,73","38,67"
3522109,Itanhaém (SP),SP,nao,"113,35",98646,599,nao,-24.184884700000000,-46.792157200000000,"0,745","38,67"
3509007,Caieiras (SP),SP,nao,40,98243,96,nao,-23.364462100000000,-46.748476500000000,"0,781","38,67"
2501807,Bayeux (PB),PB,nao,2769,96994,32,nao,-7.1301631,-34.936532,"0,649","38,67"
1302504,Manacapuru (AM),AM,nao," 4,000,590",96436,7329,nao,-3.299676800000000,-60.621352800000000,"0,614","38,67"
3528502,Mairiporã (SP),SP,nao,"59,94",95644,321,nao,-23.318611100000000,-46.586666700000000,"0,788","38,67"
4107652,Fazenda Rio Grande (PR),PR,nao,"439,07",95260,117,nao,-25.646607700000000,-49.310314900000000,"0,72","38,67"
2607208,Ipojuca (PE),PE,nao,2626,94593,527,nao,-8.398077300000000,-35.061106800000000,"0,619","38,67"
3147105,Pará de Minas (MG),MG,nao,"572,96",92753,551,nao,-19.859963700000000,-44.607531300000000,"0,725","38,67"
3133808,Itaúna (MG),MG,nao,"550,47",92700,496,nao,-20.07555600000000,-44.57638900000000,"0,758","38,67"
3508504,Caçapava (SP),SP,nao,"113,95",92586,370,nao,-23.09920400000000,-45.70764500000000,"0,788","38,67"
4126256,Sarandi (PR),PR,nao,"643,44",92302,103,nao,-23.44411700000000,-51.87601600000000,"0,695","38,67"
3144805,Nova Lima (MG),MG,nao,"605,29",92219,428,nao,-19.985408900000000,-43.847069100000000,"0,813","38,67"
3113404,Caratinga (MG),MG,nao,796,91872,1251,nao,-19.790088700000000,-42.14053300000000,"0,706","38,67"
2906501,Candeias (BA),BA,nao,1939,89694,264,nao,-12.669380600000000,-38.540646200000000,"0,691","38,67"
2806701,São Cristóvão (SE),SE,nao,2154,89241,437,nao,-11.013646500000000,-37.207113400000000,"0,662","118,0"
3168705,Timóteo (MG),MG,nao,"845,54",88941,145,nao,-19.577139500000000,-42.643610800000000,"0,77","38,67"
5217609,Planaltina (GO),GO,nao,1073,88838,2539,nao,-15.457153600000000,-47.608902400000000,"0,669","38,67"
3550605,São Roque (SP),SP,nao,"71,33",88485,308,nao,-23.49980400000000,-47.137064612861600000000,"0,768","38,67"
3555406,Ubatuba (SP),SP,nao,"225,03",88324,712,nao,-23.43316200000000,-45.08341500000000,"0,751","38,67"
3527207,Lorena (SP),SP,nao,"200,12",87969,414,nao,-22.77500000000,-45.0717500000000,"0,766","38,67"
3503901,Arujá (SP),SP,nao,"43,05",86456,97,nao,-23.39647600000000,-46.31998300000000,"0,784","38,67"
3550704,São Sebastião (SP),SP,nao,193,85565,403,nao,-23.802786600000000,-45.407052700000000,"0,772","38,67"
3305554,Seropédica (RJ),RJ,nao,"380,21",84427,284,nao,-22.743888700000000,-43.699199800000000,"0,713","38,67"
4307708,Esteio (RS),RS,nao,1139,84226,28,nao,-29.851162700000000,-51.177885200000000,"0,754","38,67"
3170404,Unaí (MG),MG,nao,"962,33",83982,8464,nao,-16.362876700000000,-46.89241300000000,"0,736","38,67"
2309706,Pacatuba (CE),CE,nao,2920,82875,132,nao,-3.984100000000,-38.618038300000000,"0,675","38,67"
4215802,São Bento do Sul (SC),SC,nao,"516,89",82831,496,nao,-26.248366900000000,-49.382067200000000,"0,782","38,67"
3509601,Campo Limpo Paulista (SP),SP,nao,"60,09",82526,80,nao,-23.20900000000,-46.75801904761900000000,"0,769","38,67"
3513405,Cruzeiro (SP),SP,nao,"227,03",81710,305,nao,-22.561735100000000,-45.017866826203200000000,"0,788","38,67"
2910057,Dias d'Ávila (BA),BA,nao, sem info,80727,208,nao,-12.610723300000000,-38.302851800000000,"0,676","38,67"
2407104,Macaíba (RN),RN,nao," 2,943,509",80386,512,nao,-5.856137200000000,-35.352377400000000,"0,64","38,67"
4319901,Sapiranga (RS),RS,nao,1129,80317,138,nao,-29.639238200000000,-51.006858600000000,"0,711","38,67"
2606200,Goiana (PE),PE,nao,2715,79242,501,nao,-7.56060300000000,-34.9959100000000,"0,651","38,67"
2301000,Aquiraz (CE),CE,nao,2917,79147,481,nao,-3.902718400000000,-38.388977800000000,"0,641","38,67"
4203204,Camboriú (SC),SC,nao,"616,17",78783,215,nao,-27.027360100000000,-48.653565700000000,"0,726","38,67"
3519709,Ibiúna (SP),SP,nao,"74,87",77562,1060,nao,-23.654836300000000,-47.221011600000000,"0,71","38,67"
4211306,Navegantes (SC),SC,nao,"601,82",77193,111,sim,-26.889881300000000,-48.649582800000000,"0,736","38,67"
3205101,Viana (ES),ES,nao,"941,14",76790,312,nao,-20.3914471,-40.4966587,"0,686","38,67"
3524303,Jaboticabal (SP),SP,nao,"345,81",76554,706,nao,-21.25203700000000,-48.32522300000000,"0,778","38,67"
2707701,Rio Largo (AL),AL,nao,2425,75691,309,nao,-9.477829,-35.839435,"0,643","38,67"
3556701,Vinhedo (SP),SP,nao,"79,03",75164,82,nao,-23.029518300000000,-46.975629200000000,"0,817","38,67"
3509205,Cajamar (SP),SP,nao,"46,69",73942,128,nao,-23.356111100000000,-46.876944400000000,"0,728","38,67"
2402600,Ceará-Mirim (RN),RN,nao,2972,73835,740,nao,-5.643158500000000,-35.424662300000000,"0,616","38,67"
2907202,Casa Nova (BA),BA,nao,2240,73393,9658,nao,-9.173677500000000,-40.973447500000000,"0,57","38,67"
5219753,Santo Antônio do Descoberto (GO),GO,nao,1041,71885,938,nao,-15.946541500000000,-48.261652700000000,"0,665","38,67"
2303501,Cascavel (CE),CE,nao,2885,71088,838,nao,-4.12966600000000,-38.24117800000000,"0,646","29,1"
2309607,Pacajus (CE),CE,nao,2875,70954,254,nao,-4.17107300000000,-38.46498800000000,"0,659","38,67"
4307906,Farroupilha (RS),RS,nao,1000,69559,362,nao,-29.224859500000000,-51.340510200000000,"0,777","38,67"
3512803,Cosmópolis (SP),SP,nao,"141,03",69115,155,nao,-22.643739800000000,-47.197208600000000,"0,769","38,67"
3124104,Esmeraldas (MG),MG,nao,"587,06",69045,910,nao,-19.761311100000000,-44.314594500000000,"0,671","38,67"
3530508,Mococa (SP),SP,nao,"267,76",68979,854,nao,-21.46473100000000,-47.00240500000000,"0,762","38,67"
1506500,Santa Izabel do Pará (PA),PA,nao,2838,68851,718,nao,-1.278492300000000,-48.160684956762500000000,"0,659","38,67"
3515103,Embu-Guaçu (SP),SP,nao,"58,48",68266,155,nao,-23.831799700000000,-46.815620400000000,"0,749","38,67"
2503209,Cabedelo (PB),PB,nao,2783,68081,31,nao,-6.9732400000000,-34.835160900000000,"0,748","38,67"
5208608,Goianésia (GO),GO,nao,1076,67505,1548,nao,-15.311826900000000,-49.116200100000000,"0,727","38,67"
4205902,Gaspar (SC),SC,nao,"622,53",67399,386,nao,-26.930730600000000,-48.956682400000000,"0,765","38,67"
4201406,Araranguá (SC),SC,nao,"894,48",67097,304,nao,-28.934883200000000,-49.485838900000000,"0,76","38,67"
5205497,Cidade Ocidental (GO),GO,nao,1015,66800,388,nao,-16.100075800000000,-47.944501400000000,"0,717","38,67"
3537602,Peruíbe (SP),SP,nao,"137,03",66578,326,nao,-24.321810500000000,-46.997745200000000,"0,749","38,67"
4202305,Biguaçu (SC),SC,nao,"675,9",66560,325,nao,-27.496127700000000,-48.654243200000000,"0,739","38,67"
4207502,Indaial (SC),SC,nao,"614,01",66522,431,nao,-26.90001100000000,-49.237060200000000,"0,777","38,67"
2305233,Horizonte (CE),CE,nao,2885,65992,160,nao,-4.096461800000000,-38.496557400000000,"0,658","38,67"
4303905,Campo Bom (RS),RS,nao,1137,64923,61,nao,-29.67469400000000,-51.06060100000000,"0,745","38,67"
4122404,Rolândia (PR),PR,nao,"575,68",64734,460,nao,-23.311990100000000,-51.367414500000000,"0,739","38,67"
4312401,Montenegro (RS),RS,nao,1180,63874,420,nao,-29.682611200000000,-51.468745500000000,"0,755","38,67"
3149309,Pedro Leopoldo (MG),MG,nao,"623,62",63841,291,nao,-19.61777800000000,-44.04305500000000,"0,757","38,67"
2609402,Moreno (PE),PE,nao,2634,62126,196,nao,-8.108706,-35.08354,"0,652","38,67"
3137601,Lagoa Santa (MG),MG,nao,"620,06",61799,232,nao,-19.635737600000000,-43.896613200000000,"0,777","38,67"
3505906,Batatais (SP),SP,nao,"353,98",61478,851,nao,-20.89286700000000,-47.59214900000000,"0,761","38,67"
4208302,Itapema (SC),SC,nao,"628,31",61256,59,nao,-27.0947200000000,-48.613777800000000,"0,796","38,67"
1501501,Benevides (PA),PA,nao,2862,61013,188,nao,-1.355557700000000,-48.25223500000000,"0,665","38,67"
2301901,Barbalha (CE),CE,nao,2462,59821,479,nao,-7.306636800000000,-39.301380800000000,"0,683","38,67"
3506359,Bertioga (SP),SP,nao,"103,62",59348,492,nao,-23.84856800000000,-46.13958600000000,"0,73","38,67"
3304300,Rio Bonito (RJ),RJ,nao,"511,58",58298,462,nao,-22.710837800000000,-42.627186400000000,"0,71","38,67"
3533403,Nova Odessa (SP),SP,nao,"127,13",58239,73,nao,-22.78318600000000,-47.29405900000000,"0,791","38,67"
3507001,Boituva (SP),SP,nao,"121,4",57942,249,nao,-23.285490300000000,-47.678690200000000,"0,78","38,67"
3301850,Guapimirim (RJ),RJ,nao,"467,58",57686,361,nao,-22.526630800000000,-42.979068700000000,"0,698","38,67"
4321204,Taquara (RS),RS,nao,1101,57542,457,nao,-29.646531800000000,-50.780567200000000,"0,727","38,67"
3531803,Monte Mor (SP),SP,nao,"122,7",57262,241,nao,-22.9525489500000000,-47.303940855238900000000,"0,733","38,67"
3524006,Itupeva (SP),SP,nao,"74,03",57089,201,nao,-23.153105500000000,-47.058034700000000,"0,762","38,67"
3300803,Cachoeiras de Macacu (RJ),RJ,nao,"509,14",56903,956,nao,-22.462686100000000,-42.653441400000000,"0,7","38,67"
4314050,Parobé (RS),RS,nao,1111,56291,109,nao,-29.62425700000000,-50.8311800000000,"0,704","38,67"
3546801,Santa Isabel (SP),SP,nao,"59,45",56017,361,nao,-23.2947400000000,-46.235390045454500000000,"0,738","38,67"
4210100,Mafra (SC),SC,nao,"525,31",55890,1404,nao,-26.115094300000000,-49.803598200000000,"0,777","38,67"
5206206,Cristalina (GO),GO,nao,"909,87",55363,6161,nao,-16.767607900000000,-47.613128100000000,"0,699","38,67"
2313500,Trairi (CE),CE,nao," 3,192,479",55212,925,nao,-3.274276300000000,-39.265111900000000,"0,606","38,67"
3537800,Piedade (SP),SP,nao,"135,57",55083,746,nao,-23.707409600000000,-47.425231900000000,"0,716","38,67"
4207007,Içara (SC),SC,nao,"866,37",54844,228,nao,-28.711655300000000,-49.297144100000000,"0,741","38,67"
4203808,Canoinhas (SC),SC,nao,"589,2",54384,1145,nao,-26.17659100000000,-50.39500100000000,"0,757","38,67"
3510401,Capivari (SP),SP,nao,"138,66",54302,323,nao,-22.99514400000000,-47.5071500000000,"0,75","38,67"
3531100,Mongaguá (SP),SP,nao,"94,65",54277,143,nao,-24.095945400000000,-46.623436100000000,"0,754","38,67"
3524709,Jaguariúna (SP),SP,nao,"128,35",54243,142,nao,-22.7037400000000,-46.98506200000000,"0,784","38,67"
4109807,Ibiporã (PR),PR,nao,"519,88",53359,300,nao,-23.26594100000000,-51.05224300000000,"0,726","38,67"
1718204,Porto Nacional (TO),TO,nao,1665,52811,4450,nao,-10.701978600000000,-48.411095200000000,"0,74","38,67"
2304285,Eusébio (CE),CE,nao,2918,52698,77,nao,-3.888983800000000,-38.454658500000000,"0,701","38,67"
3540606,Porto Feliz (SP),SP,nao,"119,88",52502,557,nao,-23.237940900000000,-47.522762233333300000000,"0,758","38,67"
2704708,Marechal Deodoro (AL),AL,nao,2407,52277,334,nao,-9.70971500000000,-35.89673100000000,"0,642","38,67"
3503802,Artur Nogueira (SP),SP,nao,"152,28",52008,178,nao,-22.559500000000,-47.132446428571400000000,"0,749","38,67"
4114609,Marechal Cândido Rondon (PR),PR,nao,"949,89",51797,748,nao,-24.557047700000000,-54.057145700000000,"0,774","38,67"
3509700,Campos do Jordão (SP),SP,nao,"181,16",51451,290,nao,-22.692985500000000,-45.518491797781600000000,"0,749","38,67"
3131901,Itabirito (MG),MG,nao,"629,89",50829,543,nao,-20.251972400000000,-43.802917100000000,"0,73","38,67"
4216206,São Francisco do Sul (SC),SC,nao,"571,37",50714,493,nao,-26.249508700000000,-48.630808700000000,"0,762","38,67"
3303609,Paracambi (RJ),RJ,nao,"385,21",50614,179,nao,-22.610915800000000,-43.709691200000000,"0,72","38,67"
3556453,Vargem Grande Paulista (SP),SP,nao,"48,75",50365,34,nao,-23.624547200000000,-47.022953600250900000000,"0,77","38,67"
1716109,Paraíso do Tocantins (TO),TO,nao,1685,50359,1297,nao,-10.175247400000000,-48.88675900000000,"0,764","38,67"
3531308,Monte Alto (SP),SP,nao,"359,32",49974,347,nao,-21.2577030500000000,-48.516360171288200000000,"0,768","38,67"
4219507,Xanxerê (SC),SC,nao,"840,03",49735,378,nao,-26.87469400000000,-52.40357900000000,"0,775","38,67"
3544103,Rio Grande da Serra (SP),SP,nao,"48,53",49414,37,nao,-23.738500000000,-46.387029411764700000000,"0,749","38,67"
2312403,São Gonçalo do Amarante (CE),CE,nao,3153,48279,834,nao,-3.611055500000000,-38.966324900000000,"0,665","106,3"
4113205,Lapa (PR),PR,nao,"485,5",48062,2046,nao,-25.7670900000000,-49.71677700000000,"0,706","38,67"
3508405,Cabreúva (SP),SP,nao,"89,74",47890,260,nao,-23.307554200000000,-47.132433700000000,"0,738","38,67"
2700409,Atalaia (AL),AL,nao,2405,47734,532,nao,-9.46600,-36.0127090272185,"0,561","38,67"
3540200,Pontal (SP),SP,nao,"354,97",47661,355,nao,-21.023971400000000,-48.039345700000000,"0,725","38,67"
1301852,Iranduba (AM),AM,nao,3940,47402,2215,nao,-3.275820300000000,-60.186742900000000,"0,613","38,67"
4307609,Estância Velha (RS),RS,nao,1165,47304,52,nao,-29.652966600000000,-51.171968700000000,"0,757","38,67"
2921005,Mata de São João (BA),BA,nao,1968,46955,670,nao,-12.53068500000000,-38.30089800000000,"0,668","38,67"
3511508,Cerquilho (SP),SP,nao,"148,75",46754,128,nao,-23.162655600000000,-47.743387800000000,"0,782","38,67"
3537107,Pedreira (SP),SP,nao,"143,31",46603,110,nao,-22.74134700000000,-46.89484600000000,"0,769","38,67"
3528403,Mairinque (SP),SP,nao,"75,91",46563,210,nao,-23.540124700000000,-47.184632300000000,"0,743","38,67"
3527306,Louveira (SP),SP,nao,"71,41",45959,55,nao,-23.0863900000000,-46.9505600000000,"0,777","38,67"
3554805,Tremembé (SP),SP,nao,"156,05",45910,192,nao,-22.9571400000000,-45.54752600000000,"0,785","38,67"
5214606,Niquelândia (GO),GO,nao,1206,45898,9843,nao,-14.464865500000000,-48.457224400000000,"0,715","38,67"
2929503,São Sebastião do Passé (BA),BA,nao," 1,936,777",45816,549,nao,-12.517792600000000,-38.492156600000000,"0,657","38,67"
3545308,Salto de Pirapora (SP),SP,nao,"126,48",44398,280,nao,-23.6600000000,-47.589807692307700000000,"0,729","38,67"
3110004,Caeté (MG),MG,nao,"638,4",44379,541,nao,-19.89777700000000,-43.67027800000000,"0,728","38,67"
2512507,Queimadas (PB),PB,nao,2656,44209,409,nao,-7.364040400000000,-35.901664400000000,"0,608","38,67"
2412203,São José de Mipibu (RN),RN,nao,2910,43991,294,nao,-6.074686700000000,-35.237018400000000,"0,611","38,67"
3551504,Serrana (SP),SP,nao,"313,01",43797,126,nao,-21.206688300000000,-47.605377400000000,"0,729","38,67"
2211100,União (PI),PI,nao,2748,43744,1173,nao,-4.589255300000000,-42.859334800000000,"0,577","38,67"
2933208,Vera Cruz (BA),BA,nao,1877,43658,253,nao,-12.960815300000000,-38.609921600000000,"0,645","38,67"
3534302,Orlândia (SP),SP,nao,"368,02",43305,296,nao,-20.72027800000000,-47.88666700000000,"0,78","38,67"
3525102,Jardinópolis (SP),SP,nao,"334,3",42913,503,nao,-21.025512600000000,-47.770680700000000,"0,735","38,67"
4206504,Guaramirim (SC),SC,nao,"546,05",42889,268,nao,-26.46875300000000,-49.00262800000000,"0,751","38,67"
4218202,Timbó (SC),SC,nao,"608,57",42805,127,nao,-26.828273700000000,-49.27064100000000,"0,784","38,67"
4104006,Campina Grande do Sul (PR),PR,nao,"380,81",42547,540,nao,-25.304603200000000,-49.054535500000000,"0,718","38,67"
4317608,Santo Antônio da Patrulha (RS),RS,nao, sem info,42335,1049,nao,-29.82676800000000,-50.51748900000000,"0,717","38,67"
2109601,Rosário (MA),MA,nao,2854,42313,685,nao,-3.075263200000000,-42.235628200000000,"0,632","38,67"
4215000,Rio Negrinho (SC),SC,nao,"527,22",42017,908,nao,-26.171711200000000,-49.426955700000000,"0,738","38,67"
2612604,Santa Maria da Boa Vista (PE),PE,nao,2284,41647,3001,nao,-8.778454200000000,-39.872798088569800000000,"0,59","38,67"
2702900,Girau do Ponciano (AL),AL,nao,2305,41287,502,nao,-9.793500000000,-36.832348039215700000000,"0,536","38,67"
5208806,Goianira (GO),GO,nao,"934,17",41188,200,nao,-16.500197300000000,-49.425478800000000,"0,694","38,67"
3130101,Igarapé (MG),MG,nao,"538,56",41159,110,nao,-20.068772600000000,-44.301630600000000,"0,698","38,67"
3554508,Tietê (SP),SP,nao,"146,09",41026,393,nao,-23.103030200000000,-47.714793700000000,"0,778","38,67"
2929206,São Francisco do Conde (BA),BA,nao,1930,40236,267,nao,-12.62810800000000,-38.681132600000000,"0,674","38,67"
4117503,Paiçandu (PR),PR,nao,"664,15",40161,171,nao,-23.457588400000000,-52.04898800000000,"0,716","38,67"
2200400,Altos (PI),PI,nao," 2,714,749",39850,958,nao,-5.039391500000000,-42.461169400000000,"0,614","38,67"
4204806,Curitibanos (SC),SC,nao,"731,11",39553,952,nao,-27.291777400000000,-50.577024100000000,"0,721","38,67"
2306256,Itaitinga (CE),CE,nao,2903,39321,151,nao,-3.96576800000000,-38.52976300000000,"0,626","38,67"
3518602,Guariba (SP),SP,nao,"338,87",39216,270,nao,-21.3593800000000,-48.2315800000000,"0,719","38,67"
4305355,Charqueadas (RS),RS,nao,1185,38911,217,nao,-29.95501200000000,-51.624919500000000,"0,747","38,67"
3539509,Pitangueiras (SP),SP,nao,"370,22",38890,430,nao,-21.0019214500000000,-48.221243757918400000000,"0,723","38,67"
3109006,Brumadinho (MG),MG,nao,"544,9",38882,640,nao,-20.14361100000000,-44.200000000,"0,747","38,67"
4306767,Eldorado do Sul (RS),RS,nao,1141,38600,510,nao,-29.998463900000000,-51.309197700000000,"0,717","38,67"
2205508,José de Freitas (PI),PI,nao,2756,38542,1538,nao,-4.757835700000000,-42.576377700000000,"0,618","38,67"
1300300,Autazes (AM),AM,nao, sem info,38460,7599,nao,-3.583328300000000,-59.130151800000000,"0,577","38,67"
2925204,Pojuca (BA),BA,nao," 1,979,777",38429,318,nao,-12.42313500000000,-38.325970700000000,"0,666","38,67"
2308005,Massapê (CE),CE,nao," 3,055,699",38218,572,nao,-3.523905800000000,-40.342310700000000,"0,616","38,67"
2929305,São Gonçalo dos Campos (BA),BA,nao,1875,37695,294,nao,-12.433999100000000,-38.948808200000000,"0,627","38,67"
1301100,Careiro (AM),AM,nao,3778,37391,6092,nao,-3.818527700000000,-60.361650500000000,"0,557","38,67"
3141108,Matozinhos (MG),MG,nao,"630,47",37350,253,nao,-19.557654700000000,-44.081603500000000,"0,731","38,67"
2110203,Santa Rita (MA),MA,nao,2827,37117,786,nao,-3.042099400000000,-44.317635700000000,"0,609","75,0"
4218004,Tijucas (SC),SC,nao,"645,11",36941,277,nao,-27.23940400000000,-48.635369600000000,"0,76","38,67"
3502507,Aparecida (SP),SP,nao,"179,97",36270,121,nao,-22.85155200000000,-45.234092400000000,"0,755","38,67"
2706901,Pilar (AL),AL,nao,2398,35543,249,nao,-9.599500000000,-35.9832500000000,"0,61","38,67"
2909901,Curaçá (BA),BA,nao, sem info,35415,6442,nao,-8.992565500000000,-39.905316900000000,"0,581","38,67"
2308401,Missão Velha (CE),CE,nao,2463,35404,651,nao,-7.24849100000000,-39.143484300000000,"0,622","38,67"
4201307,Araquari (SC),SC,nao,"549,87",35328,402,nao,-26.370332400000000,-48.721099400000000,"0,703","38,67"
4213609,Porto União (SC),SC,nao,"646,07",35196,851,nao,-26.241513600000000,-51.081354800000000,"0,786","38,67"
4216305,São João Batista (SC),SC,nao,"670,36",35103,221,nao,-27.27754700000000,-48.849610100000000,"0,74","38,67"
4114807,Marialva (PR),PR,nao,"632,43",34957,475,nao,-23.482098700000000,-51.79578800000000,"0,735","38,67"
3521002,Iperó (SP),SP,nao,"128,48",34940,171,nao,-23.350897700000000,-47.68761100000000,"0,719","38,67"
4310108,Igrejinha (RS),RS,nao,1117,34914,137,nao,-29.56931800000000,-50.79189400000000,"0,721","38,67"
3550407,São Pedro (SP),SP,nao,"195,12",34900,618,nao,-22.558649600000000,-47.934126629043100000000,"0,755","38,67"
4314803,Portão (RS),RS,nao,1162,34708,160,nao,-29.693255400000000,-51.233183700000000,"0,713","38,67"
3513108,Cravinhos (SP),SP,nao,"293,7",34651,311,nao,-21.34027800000000,-47.72944400000000,"0,756","38,67"
1303536,Presidente Figueiredo (AM),AM,nao,4027,34596,25422,nao,-2.048635900000000,-60.023665800000000,"0,647","38,67"
4114203,Mandaguari (PR),PR,nao,"627,4",34554,336,nao,-23.522484900000000,-51.678751100000000,"0,751","38,67"
2708808,São Sebastião (AL),AL,nao,2302,34546,306,nao,-9.957500000000,-36.551942307692300000000,"0,549","38,67"
4102000,Assis Chateaubriand (PR),PR,nao,"880,2",34057,970,nao,-24.405482600000000,-53.512046800000000,"0,729","38,67"
2926301,Riachão do Jacuípe (BA),BA,nao,1904,34023,1199,nao,-11.807108400000000,-39.381684300000000,"0,628","38,67"
3544004,Rio das Pedras (SP),SP,nao,"169,38",33944,227,nao,-24.633045400000000,-48.557024600000000,"0,759","38,67"
2310209,Paracuru (CE),CE,nao,3187,33898,303,nao,-3.4143600000000,-39.03002800000000,"0,637","38,67"
2908507,Conceição do Jacuípe (BA),BA,nao,1884,33879,116,nao,-12.32683100000000,-38.76843300000000,"0,663","38,67"
4122305,Rio Negro (PR),PR,nao,"518,81",33855,603,nao,-26.104766800000000,-49.798276600000000,"0,76","38,67"
4308607,Garibaldi (RS),RS,nao,1026,33632,168,nao,-29.2562253,-51.5269167,"0,786","38,67"
3520400,Ilhabela (SP),SP,nao,203,33369,348,nao,-23.7780600000000,-45.3580600000000,"0,756","38,67"
3305752,Tanguá (RJ),RJ,nao,"499,36",32974,147,nao,-22.735377700000000,-42.720227200000000,"0,654","38,67"
4108809,Guaíra (PR),PR,nao,"922,01",32971,561,nao,-24.085192400000000,-54.256751900000000,"0,724","38,67"
3550209,São Miguel Arcanjo (SP),SP,nao,"184,76",32903,930,nao,-23.93300000000,-48.012497607655500000000,"0,71","38,67"
3158953,Santana do Paraíso (MG),MG,nao,"855,84",32860,276,nao,-19.365291400000000,-42.549483300000000,"0,685","38,67"
3508603,Cachoeira Paulista (SP),SP,nao,"212,93",32771,288,nao,-22.7100000000,-44.966711538461500000000,"0,764","38,67"
4111506,Ivaiporã (PR),PR,nao,"728,2",32713,432,nao,-24.243351700000000,-51.671926800000000,"0,73","38,67"
2310258,Paraipaba (CE),CE,nao,3191,32520,301,nao,-3.43798700000000,-39.14786800000000,"0,634","38,67"
3502903,Araçoiaba da Serra (SP),SP,nao,"124,25",32512,256,nao,-23.5423585500000000,-47.649164781880700000000,"0,776","38,67"
4122206,Rio Branco do Sul (PR),PR,nao,"431,86",32499,814,nao,-25.188537400000000,-49.311908200000000,"0,679","38,67"
4213203,Pomerode (SC),SC,nao,"588,02",32338,216,nao,-26.735621800000000,-49.177009500000000,"0,78","38,67"
5106505,Poconé (MT),MT,nao,1631,32258,17261,nao,-16.263409400000000,-56.622971700000000,"0,652","38,67"
3531902,Morro Agudo (SP),SP,nao,"382,16",32221,1386,nao,-20.727669200000000,-48.05279500000000,"0,712","38,67"
5215603,Padre Bernardo (GO),GO,nao,1145,32154,3138,nao,-15.167641100000000,-48.284056100000000,"0,651","38,67"
2312007,Santana do Acaraú (CE),CE,nao,3074,32026,969,nao,-3.459649200000000,-40.209098700000000,"0,587","38,67"
1303569,Rio Preto da Eva (AM),AM,nao,3978,32015,5813,nao,-3.130769500000000,-59.278368900000000,"0,611","38,67"
3105400,Barão de Cocais (MG),MG,nao,"673,11",31978,341,nao,-19.945243700000000,-43.487029800000000,"0,722","38,67"
3505609,Barrinha (SP),SP,nao,"342,11",31924,147,nao,-21.189884900000000,-48.155064200000000,"0,725","38,67"
3506607,Biritiba Mirim (SP),SP,nao,"81,06",31795,317,nao,-23.569776500000000,-46.040745600000000,"0,712","38,67"
4117909,Palotina (PR),PR,nao,"903,36",31366,651,nao,-24.292895500000000,-53.830800920218300000000,"0,768","38,67"
3165537,Sarzedo (MG),MG,nao,"563,98",31067,62,nao,-20.035300000000,-44.145300000000,"0,734","38,67"
4212502,Penha (SC),SC,nao,"590,45",31040,59,nao,-26.77541800000000,-48.646525100000000,"0,743","38,67"
3526209,Juquitiba (SP),SP,nao,"77,47",31025,522,nao,-23.93234600000000,-47.071421700000000,"0,709","38,67"
2109452,Raposa (MA),MA,nao,2924,30843,64,nao,-2.445945400000000,-44.119375700000000,"0,626","38,67"
4306403,Dois Irmãos (RS),RS,nao,1143,30765,65,nao,-29.5835600000000,-51.08977600000000,"0,743","38,67"
3157203,Santa Bárbara (MG),MG,nao,"683,83",30694,684,nao,-19.95944400000000,-43.41527800000000,"0,707","38,67"
3140704,Mateus Leme (MG),MG,nao,"566,88",30682,303,nao,-19.98666600000000,-44.42805600000000,"0,704","38,67"
1302553,Manaquiri (AM),AM,nao,3830,30251,3976,nao,-3.430588500000000,-60.459307800000000,"0,596","38,67"
3162922,São Joaquim de Bicas (MG),MG,nao,"548,93",30184,72,nao,-20.048905200000000,-44.273169100000000,"0,662","38,67"
2800605,Barra dos Coqueiros (SE),SE,nao,2173,29820,91,nao,-10.907569400000000,-37.038624900000000,"0,649","38,67"
4217709,Sombrio (SC),SC,nao,"916,27",29708,143,nao,-29.10798500000000,-49.63277600000000,"0,728","38,67"
4308201,Flores da Cunha (RS),RS,nao,"962,51",29609,273,nao,-29.03012900000000,-51.183334900000000,"0,754","38,67"
2914505,Irará (BA),BA,nao,1906,29483,240,nao,-12.042027100000000,-38.763563800000000,"0,62","38,67"
1301159,Careiro da Várzea (AM),AM,nao, sem info,29197,2631,nao,-3.31400000000,-59.555735316077600000000,"0,568","38,67"
3518305,Guararema (SP),SP,nao,"80,08",28980,270,nao,-23.414125600000000,-46.036962700000000,"0,731","38,67"
2704203,Limoeiro de Anadia (AL),AL,nao,2367,28951,316,nao,-9.74200000000,-36.459666666666700000000,"0,58","38,67"
3537909,Pilar do Sul (SP),SP,nao,"152,84",28717,682,nao,-23.858500000000,-47.7050312500000000,"0,69","38,67"
3525201,Jarinu (SP),SP,nao,"75,5",28554,208,nao,-23.094958400000000,-46.714863600000000,"0,733","38,67"
5203302,Bela Vista de Goiás (GO),GO,nao,"912,06",28517,1277,nao,-16.969294900000000,-48.951307100000000,"0,716","38,67"
2511202,Pedras de Fogo (PB),PB,nao,2728,28494,401,nao,-7.3604442500000000,-35.062194038095200000000,"0,59","38,67"
2403608,Extremoz (RN),RN,nao,2971,28335,126,nao,-5.70143300000000,-35.3048400000000,"0,66","38,67"
4322004,Triunfo (RS),RS,nao,1197,28297,823,nao,-29.940797200000000,-51.719185900000000,"0,733","38,67"
5214507,Nerópolis (GO),GO,nao,"935,6",28275,204,nao,-16.406981600000000,-49.21943800000000,"0,721","38,67"
4104253,Campo Magro (PR),PR,nao,"431,48",28250,275,nao,-25.369153300000000,-49.449692100000000,"0,701","38,67"
4219705,Xaxim (SC),SC,nao,"858,65",28205,295,nao,-26.960950900000000,-52.533636100000000,"0,752","38,67"
4304804,Carlos Barbosa (RS),RS,nao,1022,28102,230,nao,-29.298087200000000,-51.500444500000000,"0,796","38,67"
4116901,Nova Esperança (PR),PR,nao,"689,02",28080,402,nao,-23.181843700000000,-52.199985200000000,"0,722","38,67"
2709202,Traipu (AL),AL,nao,2312,28064,698,nao,-9.96758300000000,-37.001535700000000,"0,532","38,67"
3526407,Laranjal Paulista (SP),SP,nao,"161,16",27891,387,nao,-23.05056400000000,-47.83754900000000,"0,729","38,67"
4202107,Barra Velha (SC),SC,nao,"567,77",27795,140,nao,-26.633820300000000,-48.683500100000000,"0,738","38,67"
3547502,Santa Rita do Passa Quatro (SP),SP,nao,"257,21",27583,753,nao,-21.678500000000,-47.519820833333300000000,"0,775","38,67"
3512209,Conchal (SP),SP,nao,"178,31",27553,184,nao,-22.33751200000000,-47.17292700000000,"0,708","38,67"
2508307,Lagoa Seca (PB),PB,nao,2681,27540,109,nao,-7.14829700000000,-35.855171946035700000000,"0,627","38,67"
4111258,Itaperuçu (PR),PR,nao,"433,95",27506,312,nao,-25.2192600000000,-49.34542700000000,"0,637","38,67"
2408201,Nísia Floresta (RN),RN,nao," 2,913,185",27376,306,nao,-6.0533682500000000,-35.171410775701100000000,"0,622","38,67"
4318507,São José do Norte (RS),RS,nao,1351,27208,1118,nao,-32.0007963500000000,-51.990918734393700000000,"0,623","38,67"
2307106,Jardim (CE),CE,nao,2421,27069,457,nao,-3.51037600000000,-39.01348100000000,"0,614","38,67"
2303204,Caririaçu (CE),CE,nao,2497,26888,624,nao,-7.041705300000000,-39.283552700000000,"0,578","38,67"
2105104,Icatu (MA),MA,nao,2895,26834,1449,nao,-2.77206500000000,-44.05006100000000,"0,546","38,67"
5200308,Alexânia (GO),GO,nao,1014,26768,848,nao,-16.083404900000000,-48.507780300000000,"0,682","38,67"
4216503,São Joaquim (SC),SC,nao,849,26639,1886,nao,-28.292497200000000,-49.935325500000000,"0,687","38,67"
4313375,Nova Santa Rita (RS),RS,nao,1145,26472,218,nao,-29.846880800000000,-51.291785912847100000000,"0,718","38,67"
2901106,Amélia Rodrigues (BA),BA,nao,1892,26394,124,nao,-12.401538800000000,-38.751697100000000,"0,666","38,67"
2607752,Itapissuma (PE),PE,nao,2694,26344,74,nao,-7.76798300000000,-34.89713600000000,"0,633","38,67"
2304954,Guaiúba (CE),CE,nao,2913,26337,267,nao,-4.041265600000000,-38.636907900000000,"0,617","38,67"
4102109,Astorga (PR),PR,nao,"616,5",26193,435,nao,-23.235018400000000,-51.664707400000000,"0,747","38,67"
3106309,Belo Oriente (MG),MG,nao,"875,42",26164,336,nao,-19.223252300000000,-42.480703300000000,"0,686","38,67"
2404200,Goianinha (RN),RN,nao,2890,26073,192,nao,-6.266353800000000,-35.209244700000000,"0,638","38,67"
3547601,Santa Rosa de Viterbo (SP),SP,nao,"293,75",26067,290,nao,-21.5036271500000000,-47.358884390909100000000,"0,77","38,67"
4205456,Forquilhinha (SC),SC,nao,"890,31",25989,182,nao,-28.748760200000000,-49.473766100000000,"0,753","38,67"
4123501,Santa Helena (PR),PR,nao,1034,25912,758,nao,-24.859173500000000,-54.332881300000000,"0,744","38,67"
3136652,Juatuba (MG),MG,nao,"571,97",25890,97,nao,-19.954689300000000,-44.340518800000000,"0,717","38,67"
2607604,Ilha de Itamaracá (PE),PE,nao,2700,25806,65,nao,-7.74766400000000,-34.83031900000000,"0,653","38,67"
4114302,Mandirituba (PR),PR,nao,"451,98",25669,379,nao,-25.776855300000000,-49.328176900000000,"0,655","38,67"
3509403,Cajuru (SP),SP,nao,"303,4",25655,661,nao,-21.275997800000000,-47.304603500000000,"0,713","38,67"
3546702,Santa Gertrudes (SP),SP,nao,"170,21",25649,98,nao,-22.47300000000,-47.530941292550600000000,"0,737","38,67"
4304663,Capão do Leão (RS),RS,nao,1384,25495,785,nao,-31.77927100000000,-52.458924621992700000000,"0,637","38,67"
2608750,Lagoa Grande (PE),PE,nao, sem info,25299,1852,nao,-8.8701410500000000,-40.192132424723300000000,"0,597","38,67"
2704005,Junqueiro (AL),AL,nao,2310,25079,254,nao,-9.920154900000000,-36.47473700000000,"0,575","38,67"
4319505,São Sebastião do Caí (RS),RS,nao,1050,24970,111,nao,-29.591177700000000,-51.377877200000000,"0,739","38,67"
2908903,Coração de Maria (BA),BA,nao,1897,24792,372,nao,-12.248434500000000,-38.749927400000000,"0,592","38,67"
2504603,Conde (PB),PB,nao,2755,24783,173,nao,-7.300750400000000,-34.858879008333300000000,"0,618","38,67"
5217302,Pirenópolis (GO),GO,nao,1023,24751,2228,nao,-15.850161900000000,-48.95731700000000,"0,693","38,67"
3109303,Buritis (MG),MG,nao,1113,24689,5219,nao,-19.9760088500000000,-43.968979437651900000000,"0,672","38,67"
2702355,Craíbas (AL),AL,nao,2351,24506,275,nao,-9.616803800000000,-36.768466900000000,"0,525","38,67"
2512903,Rio Tinto (PB),PB,nao,2822,24149,466,nao,-6.767744400000000,-35.100011849609900000000,"0,585","38,67"
3507803,Brodowski (SP),SP,nao,"348,19",24098,280,nao,-20.98453200000000,-47.65721700000000,"0,755","38,67"
2304350,Forquilha (CE),CE,nao,3052,24055,517,nao,-4.214567300000000,-38.954680400000000,"0,644","38,67"
3512407,Cordeirópolis (SP),SP,nao,"161,91",23797,137,nao,-22.476832400000000,-47.455055100000000,"0,758","38,67"
4318408,São Jerônimo (RS),RS,nao,1195,23767,937,nao,-29.95964200000000,-51.723819200000000,"0,696","38,67"
2930774,Sobradinho (BA),BA,nao,2219,23705,1323,nao,-9.46977500000000,-40.795747300000000,"0,631","38,67"
3521408,Iracemápolis (SP),SP,nao,"162,1",23271,116,nao,-22.58323400000000,-47.52296300000000,"0,776","38,67"
3553302,Tambaú (SP),SP,nao,"263,08",23262,562,nao,-21.7029200000000,-47.27034400000000,"0,731","38,67"
2304004,Coreaú (CE),CE,nao,3000,23106,776,nao,-3.552150700000000,-40.654686300000000,"0,61","38,67"
2105500,João Lisboa (MA),MA,nao,2351,23020,1127,nao,-5.4436300000000,-47.40638800000000,"0,641","38,67"
2908200,Conceição da Feira (BA),BA,nao,1871,23014,160,nao,-12.501300100000000,-39.000216600000000,"0,634","38,67"
2916104,Itaparica (BA),BA,nao,1893,22862,116,nao,-12.893602300000000,-38.679814100000000,"0,67","38,67"
3548005,Santo Antônio de Posse (SP),SP,nao,"143,96",22801,154,nao,-22.612500000000,-46.94423437500000000,"0,702","38,67"
2702603,Feira Grande (AL),AL,nao," 2,308,207",22472,156,nao,-9.89500000000,-36.66738430065800000000,"0,533","38,67"
2407807,Monte Alegre (RN),RN,nao,2922,22459,200,nao,-6.06990100000000,-35.33363500000000,"0,609","38,67"
4100509,Altônia (PR),PR,nao,"892,31",21986,662,nao,-23.872200400000000,-53.89403700000000,"0,721","38,67"
3513603,Cunha (SP),SP,nao,"233,03",21923,1407,nao,-23.0775300000000,-44.956743600000000,"0,684","38,67"
2503001,Caaporã (PB),PB,nao,2731,21873,150,nao,-7.51023400000000,-34.915411400000000,"0,602","38,67"
2100204,Alcântara (MA),MA,nao,2959,21661,1483,nao,-2.403895600000000,-44.415424100000000,"0,573","38,67"
4208104,Itaiópolis (SC),SC,nao,"553,35",21500,1295,nao,-26.339189900000000,-49.907198300000000,"0,708","38,67"
4319000,São Marcos (RS),RS,nao,"947,13",21364,256,nao,-29.594636100000000,-56.816602849855500000000,"0,768","38,67"
4112108,Jandaia do Sul (PR),PR,nao,"627,99",21338,188,nao,-23.600390700000000,-51.64567400000000,"0,747","38,67"
4106605,Cruzeiro do Oeste (PR),PR,nao,"785,96",21199,779,nao,-23.783958200000000,-53.070942500000000,"0,717","38,67"
4219002,Urussanga (SC),SC,nao,868,21169,240,nao,-28.519138100000000,-49.320177600000000,"0,772","38,67"
1713205,Miracema do Tocantins (TO),TO,nao,1790,19040,2656,nao,-9.561793900000000,-48.396653600000000,"0,684","38,67"
